primary_id,sequence,level,PE_group,length,mw,pi,gravy,aliphatic_index,trypsin_sites,expression
PROT01,MAGRN,protein,PE1,100,11000,5.5,0.1,80,5,22.5
PROT02,MAGRN,protein,PE1,150,16500,6.0,0.2,85,7,21.0
PROT03,MAGRN,protein,PE1,120,13200,5.8,-0.1,70,6,23.1
PROT04,MAGRN,protein,PE1,200,22000,6.5,0.4,90,10,20.5
PROT05,MAGRN,protein,PE1,180,19800,5.2,0.3,88,9,21.8
PROT06,MAGRN,protein,PE1,300,33000,7.0,-0.2,75,15,24.0
PROT07,MAGRN,protein,PE1,250,27500,6.8,0.5,95,12,19.5
PROT08,MAGRN,protein,PE1,110,12100,5.9,0.0,78,5,22.2
PROT09,MAGRN,protein,PE1,140,15400,6.1,0.1,82,6,21.4
PROT10,MAGRN,protein,PE1,160,17600,5.7,-0.3,72,8,23.5
GHOST01,MKRST,protein,ghost,40,4400,8.5,-0.8,50,2,15.5
GHOST02,MKRST,protein,ghost,45,4950,8.8,-0.9,45,2,14.8
GHOST03,MKRST,protein,ghost,50,5500,9.0,-1.0,40,3,15.0
GHOST04,MKRST,protein,ghost,55,6050,9.2,-0.7,55,3,16.2
GHOST05,MKRST,protein,ghost,60,6600,8.4,-0.6,60,4,14.5
GHOST06,MKRST,protein,ghost,65,7150,8.7,-0.8,50,4,15.8
GHOST07,MKRST,protein,ghost,35,3850,9.5,-1.2,30,1,13.5
GHOST08,MKRST,protein,ghost,70,7700,8.2,-0.5,65,5,16.5
GHOST09,MKRST,protein,ghost,48,5280,8.9,-0.9,42,2,14.2
GHOST10,MKRST,protein,ghost,52,5720,9.1,-1.1,38,3,15.1
